company_id,job_title,date,name_company,link_company
428416,SIRH Coordinator / Data Analyst RH H/F,2023-06-16,Oetker Collection,http://www.oetkercollection.com/
3276,Data Analyst - Working From Home,2023-05-13,Peroptyx,http://www.peroptyx.com/
21556,Stage Big Data Analyst – données opérationnelles avions F/H,2023-01-08,SAFRAN,http://www.safran-group.com/
24024,Data analyst indemnisation cdi h/f (CDI),2023-12-12,Gan Assurances,https://gan-eurocourtage.fr/
21556,DATA ANALYST F/H,2023-01-05,SAFRAN,http://www.safran-group.com/
430425,Data Analyst (H/F),2023-08-10,Atlas For Men,http://www.atlasformen.fr/
430506,Data Analyst at Barkyn,2023-07-20,Barkyn,https://www.barkyn.es/
26011,PMO & Engineering Data Analyst,2023-09-29,THALES,http://www.thalesgroup.com/
20952,Data Analyst- H/F/X,2023-12-25,Société Générale,http://www.societegenerale.com/
33151,Data Analyst-(H/F),2023-01-06,Sogecap,http://www.assurances.societegenerale.com/en/sogecap/
435374,Data Analyst H/F,2023-03-28,Omerin,http://www.groupe-omerin.com/
178287,Data analyst h/f (CDI),2023-03-30,Marine Nationale,https://www.etremarin.fr/
21556,Stage - DATA ANALYST - Reporting Supply Chain F/H,2023-10-31,SAFRAN,http://www.safran-group.com/
6362,Data Analyst F/H - Alternance,2023-06-10,EDF,http://www.edf.com/
41676,Data Analyst F/H,2023-03-17,AUCHAN RETAIL SERVICES,http://www.groupe-auchan.com/
43526,data analyst f/h (CDI),2023-09-01,Covea,http://www.covea.com/fr
440681,Alternance - Assistant Data Analyst H/F,2023-02-28,GROUPE ETAM,http://www.groupe-etam.com/
7745,Data Analyst,2023-03-02,Saint-Gobain,http://www.saint-gobain.com/
134914,DATA ANALYST EN CHARGE DE LA TRANSFORMATION NUMÉRIQUE H/F,2023-07-27,MARINE NATIONALE,https://www.etremarin.fr/
203321,Manager Conseil et Expertise Data,2023-12-11,Sodebo,http://www.sodebo.fr/
2209,Apprentissage - Data Analyst Finance H/F,2023-11-07,Groupama,http://www.groupama.com/
20952,Data Analyst Junior H/F-(H/F),2023-04-03,Société Générale,http://www.societegenerale.com/
58735,Data ingénieur/data analyste F/H,2023-06-18,Franprix,https://www.franprix.fr/
7102,Alternant - Data Analyst SQL H/F,2023-11-02,Amgen,http://www.amgen.com/
188103,Data analyste h/f,2023-11-07,Younited Credit,http://www.younited-credit.com/
453757,Data Analyst H/F,2023-04-07,Générale de Téléphone,http://www.generaledetelephone.com/
455090,Alternance Data Analyst (F/H),2023-04-27,Castorama,http://www.castorama.fr/
1152,Alternance - Verisure - Data Analyst H/F,2023-11-02,Verisure,http://www.verisure.com/
134914,Data analyst en charge de la transformation numérique h/f,2023-02-18,MARINE NATIONALE,https://www.etremarin.fr/
91117,Data Analyst - Europe Zone Luxe Division,2023-01-19,L’ORÉAL,http://www.loreal.com/
92478,Data Analyst,2023-02-04,Veolia,http://www.veolia.com/
8693,Alternant(e) Business Data Analyst RH,2023-04-14,Leroy Merlin,http://www.leroymerlin.com/
2209,Data analyst - Pilotage commercial et client H/F,2023-07-25,Groupama,http://www.groupama.com/
198653,Data Analyst-French,2023-11-02,Groupe Avril,http://www.groupeavril.com/
105105,Reporting & Data Analyst (m/f/d),2023-05-26,Sony Corporation,http://www.sony.com/
120867,Data Analyste H/F,2023-11-07,GLO Comms,http://www.glocomms.com/
71027,Business data analyst-(H/F),2023-07-01,Societe Generale Corporate and Investment Banking - SGCIB,http://www.sgcib.com/
63768,Data Analyst CDI H/F (Lille),2023-08-16,Econocom,http://www.econocom.com/
58660,Data Analyst H/F (CDI),2023-06-19,Engie,http://www.engie.com/
130367,Data Analyst Finances F/H,2023-11-02,LVMH Group,http://www.lvmh.com/
12245,SAP Master Data Analyst (French speaker),2023-02-02,Oxford Global Resources,http://www.oxfordcorp.com/
1072,Data Analyst Senior H/F (Rennes),2023-01-17,Capgemini,http://www.capgemini.com/
20952,Chargé d'étude achats trading fees - data analyst-(H/F),2023-04-20,Société Générale,http://www.societegenerale.com/
471662,Alternant Data Analyst / Scientist H/F,2023-06-07,lagardere,http://www.lagardere.com/
1861,Data analyste h/f,2023-11-02,SGS Société Générale de Surveillance SA,http://www.sgs.com/
474344,ALTERNANCE : DATA ANALYST EN BATIMENT H/F - ALT 23 - DATA LYON -30010,2023-04-09,Bouygues Bâtiment Sud Est,http://www.bouygues-construction.com/
4583,ApprenticeShip Data Analyst F/M,2023-07-13,Worldline,http://www.worldline.com/
81160,Stage Data Analyst Business SNCF,2023-02-09,Groupe SNCF,http://www.sncf.com/fr/groupe
123702,"Earth Observation Data Analysis, Image Processing and Software...",2023-01-17,Serco Group Plc,http://www.serco.com/
147443,Data analyst Finance H/F,2023-07-25,PRO BTP GROUPE,http://www.probtp.com/
59581,Data Analyst,2023-02-10,MAIF,http://www.maif.fr/
38019,Alternance - Data analyst H/F,2023-04-26,SPIE,http://www.spie.com/
278707,Data Analyst en alternance F/H,2023-05-25,PRO BTP Groupe,http://www.probtp.com/
374998,Analyst Master Data H/F,2023-11-02,Lesaffre Iberica SA,http://www.lesaffre.es/
484357,Data Analyst Emploi-Formation F/H,2023-11-02,Groupe Limagrain Holding,http://www.limagrain.com/
166480,Data Analyst,2023-09-29,AFDAS,https://www.afdas.com/
22373,Data Analyst,2023-03-18,Homa Games,https://www.homagames.com/
5050,Data Analyst,2023-12-27,Siemens Mobility,http://www.mobility.siemens.com/de/en.html
1152,Alternance : Data Analyst / Data Science F/H,2023-09-29,Verisure,http://www.verisure.com/
42400,Data Analyst H/F en télétravail,2023-09-29,VINCI,http://www.vinci.com/
38908,Data Analyst (H/F) en CDD / MissionMerignac,2023-02-15,ADECCO,http://www.adeccogroup.com/
21520,Analyst - Data Analyst,2023-12-22,Carrefour France,http://www.carrefour.com/
40734,Data Analyst,2023-04-04,Swiss Life,http://www.swisslife.com/
22942,Crédit Agricole Assurances: Data Analyst H/F,2023-09-29,Crédit Agricole Assurances,http://www.ca-assurances.com/
105048,Développeur DATA,2023-11-25,AB Tasty,http://www.abtasty.com/
6986,Data Analyste H/F,2023-11-25,"CBRE Group, Inc.",http://www.cbre.com/
3891,Data Analyst H/F,2023-09-29,Apside,http://www.apside.com/
203256,Finance Data Analyst,2023-02-25,American President Lines,http://www.apl.com/
47510,Data Analyste,2023-12-17,Crédit Agricole Group,http://www.credit-agricole.com/
8693,DATA ANALYST TECHNIQUE (F/H),2023-06-23,Leroy Merlin,http://www.leroymerlin.com/
458,Stage - DATA ANALYST MEDIA F/H,2023-09-29,Comcast,http://www.comcast.com/
335124,Internship : Master Data Analyst,2023-09-29,Balzac Paris,http://www.balzac-paris.fr/
3460,Stage - Data Analyst Compétences & Certifications F/H,2023-12-17,Orange SA,http://www.orange.com/
95755,Stage - Ynoveo - Data Analyst H/F,2023-04-29,Ynoveo,https://www.ynoveo.fr/
41676,Data Analyst F/H,2023-07-10,AUCHAN RETAIL SERVICES,http://www.groupe-auchan.com/
204535,Alternant - Data Analyst SQL H/F,2023-09-29,Groupe Cerise,http://www.groupecerise.fr/
134914,Data analyst en charge de la transformation numérique h/f,2023-05-24,MARINE NATIONALE,https://www.etremarin.fr/
79022,Data Analyst,2023-05-02,DCS Group,http://www.dcsgroup.com/
96,Data Analyst (H/F),2023-07-04,CGI,http://www.cgi.com/
14573,Assistant chef de projet Data analyst,2023-11-15,Societe Generale,http://www.societegenerale.com/
233765,Data analyst H/F,2023-10-12,Pôle Léonard de Vinci,https://www.devinci.fr/
95109,data analyst,2023-11-18,Setec,http://www.setec.fr/
2209,Alternance Data Analyst SAS,2023-04-16,Groupama,http://www.groupama.com/
2161,Consultant Data Analyst Power BI F/H,2023-08-21,Atos,http://www.atosconsulting.com/
515276,Data Analyst,2023-12-17,Groupe Pochet,http://www.groupe-pochet.fr/
279846,Business Data Expert,2023-10-14,VitalAire Canada Inc.,http://www.vitalaire.com/
42400,Ingénieur data analyst F/H,2023-01-11,VINCI,http://www.vinci.com/
34806,Data analyst H/F,2023-03-17,ELSAN,http://www.groupe-elsan.com/
7550,Alternance - Data Analyst ou Data Ingénieur (F/H),2023-08-21,Carrefour,http://www.carrefour.com/
38086,CDI - Ingénieur Data Analyst/Device - Amélioration de rendement,2023-12-22,ST Microelectronics,http://www.st.com/
4562,Alternance data Analyst,2023-08-21,Sopra Steria,http://www.sopragroup.com/
121722,Clinical Data analyst,2023-12-22,bioMérieux SA,http://www.biomerieux.com/
522755,PFE Data Analyst,2023-03-01,ENTECH,http://entech-se.com/
7102,Alternance - Amgen - Data analyst | Business intelligence H/F,2023-05-08,Amgen,http://www.amgen.com/
32144,Data Analyst,2023-09-12,Groupe Casino,http://www.groupe-casino.fr/
7550,Data analyst en alternance,2023-06-05,Carrefour,http://www.carrefour.com/
263375,Apprenti(e) – Data Analyst Performance Client H/F,2023-04-14,Air France-KLM,http://www.airfranceklm.com/
42400,Ingénieur data analyst F/H,2023-01-31,VINCI,http://www.vinci.com/
532068,Alternant Contrôleur de Gestion _ data analyst H/F,2023-08-06,ABMI,http://www.abmi-groupe.com/
51223,Data Analyst,2023-01-12,Crédit Mutuel ARKEA,http://www.arkea.com/
20952,Data Analyst(H/F),2023-04-16,Société Générale,http://www.societegenerale.com/
19339,Data Analyst Junior H/F,2023-11-29,Pôle Emploi,http://www.pole-emploi.fr/
47510,Data Analyst H/F,2023-06-06,Crédit Agricole Group,http://www.credit-agricole.com/
383420,alternance - assistant data analyst (h/f),2023-06-24,IKKS,http://www.ikks.com/
36063,Data Analyst,2023-10-31,Martin Brower France,http://martinbrower-ensemble.fr/
536616,CDI CHARGE(E) D'ETUDES CRM - DATA ANALYST F/H,2023-08-18,Groupe IKKS,http://www.ikks.com/
330411,Data Analyst,2023-11-29,Aramis Group,http://aamis.group/
210371,Data Analyst Gaz H/F,2023-07-26,URVIKA,http://www.urvika.com/
19339,consultant informatique Data,2023-10-29,Pôle Emploi,http://www.pole-emploi.fr/
28691,Alternance : Alternance - Data analyst Prévention Santé Sécurité H/F,2023-06-27,Bouygues,http://www.bouyguestelecom.fr/
18245,Data Science Analyst Internship,2023-12-09,Betclic Group,http://en.betclic.com/
9708,Data Analyst,2023-04-06,La Banque Postale,http://www.labanquepostale.com/
63361,Data Analyst H/F,2023-05-06,AKKA,http://www.akka-technologies.com/
36063,Business Data Analyst,2023-12-09,Martin Brower France,http://martinbrower-ensemble.fr/
20952,Data Analyst-(H/F),2023-06-15,Société Générale,http://www.societegenerale.com/
330461,Data Analyst H/F,2023-04-12,Credit Mutuel Arkea,http://www.arkea.com/
25816,"Data Analyst, GOOGLE DATA STUDIO",2023-01-30,K-LAGAN,http://www.k-lagan.com/
1125,Internship - Reporting %26 Data Analyst - (F/M) - (Job Number...,2023-08-12,AXA,http://www.axa.com/
32093,Data Analyst H/F,2023-04-27,PROXIAD,http://www.proxiad.com/
26118,Data Analyst,2023-07-28,Club Med,http://www.clubmed.com/
563653,Data Analyst (H/F),2023-05-02,GROUPE LIMAGRAIN,http://www.limagrain.com/
20325,Data Analyst-(H/F),2023-03-25,Société Générale Assurances,http://www.assurances.societegenerale.com/en/sogecap/
225451,STAGE - Data Analyst Connectivité (Radio / 5G / WiFi / V2X / GNSS),2023-10-27,Psa,http://www.peugeot-diplomates.com/
162701,Business Data Analyst,2023-04-06,Devis Group,http://www.devisgroup.be/
21520,Data analyst,2023-12-28,Carrefour France,http://www.carrefour.com/
74959,Internship : Master Data Analyst,2023-12-09,ACENSI,http://www.acensi.fr/
32093,DATA ANALYST H/F,2023-10-24,PROXIAD,http://www.proxiad.com/
103202,Stage - Client Service & Data Analyst H/F,2023-10-10,Amundi,http://www.amundi.com/
81160,Responsable Data Analyst,2023-11-07,Groupe SNCF,http://www.sncf.com/fr/groupe
21556,Stage - Développement & data analyse F/H,2023-11-06,SAFRAN,http://www.safran-group.com/
8366,Data Analyst (H/F),2023-02-09,ENGIE,http://www.engie.com/
38086,CDI - Ingénieur Data Analyst/Device - Amélioration de rendement,2023-12-21,ST Microelectronics,http://www.st.com/
203760,Ingénieur Data,2023-12-09,Brevo,http://www.sendinblue.com/
96,Stage consultant(e) Data analyst,2023-10-08,CGI,http://www.cgi.com/
3384,Apprenti Data-Analyst,2023-10-19,Air France,http://www.airfranceklm.com/
16555,Data Analyst et Concepteur Développeur F/H,2023-02-25,Enedis,http://www.enedis.fr/
7550,Stagiaire Data Analyst,2023-04-04,Carrefour,http://www.carrefour.com/
330398,Stage Energy Data Analyst,2023-11-24,GazelEnergie,https://gazelenergie.fr/
7758,DATA ANALYST H/F,2023-04-13,Credit Agricole,http://www.credit-agricole.com/
422,Privacy Data Analyst,2023-01-10,Majorel,http://www.majorel.com/
296269,Data Analyste (F/H),2023-11-27,Foodles,http://www.foodles.co/
202886,Data Analyst - Data Visualization,2023-06-16,Rolling Wireless,http://www.rollingwireless.com/
680,Data Analyst Supply Chain,2023-05-09,Capgemini Engineering,http://www.altran.com/
8693,DATA ANALYST - TECHNICAL EXPERT (F/H),2023-01-14,Leroy Merlin,http://www.leroymerlin.com/
43220,Head of data analytics,2023-09-11,SERVIER,http://www.servier.com/
587034,Pricing & data analyst,2023-10-07,"The Manitowoc Company, Inc.",http://www.manitowoc.com/
59581,master data analyst,2023-10-22,MAIF,http://www.maif.fr/
1861,Data Analyste CRM,2023-10-07,SGS Société Générale de Surveillance SA,http://www.sgs.com/
11592,Data Analyst Maintenance Repairs Overhaul - H/F,2023-03-28,Expleo Group,https://expleo.com/global/en/
16052,Data Analyste Junior H/F,2023-11-14,Joblift,http://joblift.de/
1125,Internship - Data Analyst - (F/H) - 6 months - (Job Number: 230001UR),2023-02-17,AXA,http://www.axa.com/
47510,Data Analyst RCP RETAIL H/F,2023-03-07,Crédit Agricole Group,http://www.credit-agricole.com/
2280,IS Data Analyst,2023-09-05,ABB Schweiz AG,http://www.abb.com/
594876,Alternant Data Analyst (h/f),2023-03-08,Cultura,http://www.cultura.com/
2,Stage - Data Analyst et Scientist F/H,2023-07-28,Groupe ADP,http://www.groupeadp.fr/
4555,Audit Data Analytics Project Manager,2023-11-23,American Red Cross,http://www.redcross.org/
4842,Alternant(e) Data Analyst Assist Responsable Pôle Prise en charge...,2023-06-13,SNCF,https://www.sncf.com/
6873,Business Data Analyst remote,2023-11-02,Crédit Agricole SA,http://www.credit-agricole.com/
4562,Data analyst,2023-09-11,Sopra Steria,http://www.sopragroup.com/
111791,Ingénieur Data,2023-10-13,Cleyrop,http://www.cleyrop.com/
602502,Data analyst (H/F),2023-03-27,MECALAC GROUP SERVICES,http://www.mecalac.com/
303,CONSULTANT DÉBUTANT DATA ANALYST EN FINANCEMENT F/H,2023-06-22,KPMG,http://www.kpmg.com/
21757,Data Analyst EMEA,2023-06-05,Estee Lauder,http://www.elcompanies.com/
162,Data Analyst,2023-07-12,Harnham,http://harnham.com/
605535,Stagiaire IT Data Analyst H/F,2023-04-19,Britvic France,http://www.britvic.com/
204291,Data Analyst/BI - ALTERNANCE H/F,2023-08-11,LiveCampus,http://www.livecamp.us/
12550,cdi - application owner labs & science (m/w),2023-10-13,Danone,http://www.danone.com/
16947,Data Analyst POEI - Ecole de la Data & de l'IA - Promotion 202307,2023-05-04,Business & Decision,http://www.hub-sales.com/
7758,DATA ANALYST - H/F,2023-01-09,Credit Agricole,http://www.credit-agricole.com/
3460,Stagiaire - Data Analyst - Developpeur H/F,2023-11-07,Orange SA,http://www.orange.com/
2,Stage - Data Analyst et Scientist F/H,2023-07-28,Groupe ADP,http://www.groupeadp.fr/
56255,Alternant Data Analyst F/H,2023-02-24,Terrena,http://www.terrena.fr/
4555,Data Quality Analyst,2023-12-14,American Red Cross,http://www.redcross.org/
9139,Data analyst SAS CELONIS  (F/H),2023-02-13,Allianz France,http://www.allianz.fr/
1861,Data Analyst Acquisition Clients,2023-10-07,SGS Société Générale de Surveillance SA,http://www.sgs.com/
617080,Data Analyst (alternant),2023-06-20,Factuel,http://www.afp.com/
11592,Data Analyst - IDF - H/F,2023-11-15,Expleo Group,https://expleo.com/global/en/
33151,Data Analyst H/F,2023-08-05,Sogecap,http://www.assurances.societegenerale.com/en/sogecap/
55603,Business data analyst/Analyste de données,2023-10-27,Covéa,http://www.covea.com/fr
73194,Data Purchasing Analyst,2023-04-28,SAFRAN ELECTRICAL & POWER,http://www.safran-group.com/
11592,Stage – Data Analyst Talent Marketing F/H,2023-11-02,Expleo Group,https://expleo.com/global/en/
26212,Alternant Data Analyst F/H,2023-04-15,Orano,http://www.orano.group/
26118,Data Analyst,2023-08-21,Club Med,http://www.clubmed.com/
1426,"Analyst, Data/Business Analytics",2023-04-09,DBS Bank,https://www.dbs.com/
14861,Data Analyst Talend - (H/F),2023-10-25,ALTEN,https://www.alten.fr/
3431,Data Analyst (m/f/d),2023-07-20,Bayer,http://www.bayer.com/
142924,Data Analyst BI (m/f),2023-08-24,Symrise,http://www.symrise.com/
96,Consultant(e) Data Analyst F/H,2023-12-05,CGI,http://www.cgi.com/
26011,Ingénieur Data Analyst (F/H),2023-01-02,THALES,http://www.thalesgroup.com/
136754,Data Analyst / Actuaire CAT en Alternance – (H/F),2023-06-29,AON,http://www.aon.com/
7550,Data Analyst (F/H),2023-01-02,Carrefour,http://www.carrefour.com/
7550,Data Analyst (F/H) - en Stage,2023-02-28,Carrefour,http://www.carrefour.com/
3384,Data Analyst Plan Carburant H/F,2023-04-04,Air France,http://www.airfranceklm.com/
20952,Data Analyst(H/F),2023-04-15,Société Générale,http://www.societegenerale.com/
121722,CDD - Data Analyst F/H,2023-11-05,bioMérieux SA,http://www.biomerieux.com/
161058,Data Analyst,2023-02-14,Compass Group France,http://www.compass-group.fr/
20952,Data analyst - études financières-(H/F),2023-04-13,Société Générale,http://www.societegenerale.com/
10247,Data Analyst - Performance - H/F,2023-06-05,ADEO Services,http://www.adeo.com/
244,Alternance - Publicis Groupe - Data Analyst/Planner (F/H),2023-05-25,Publicis Groupe,http://www.publicisgroupe.com/
26604,Data Analyst,2023-10-04,Cegedim,http://www.cegedim.com/
9524,International Business Data Analyst,2023-11-13,Kion Group AG,http://www.kiongroup.com/
2063,Digital Marketing Data Analyst,2023-03-31,Essity,http://www.essity.com/
20952,Data business analyst conformité-(H/F),2023-05-10,Société Générale,http://www.societegenerale.com/
230758,DIGITAL DATA ANALYST /NB F/H,2023-12-25,NRJ GROUP,http://www.nrj.fr/
277699,Data Analyst,2023-11-21,Perenco,http://www.perenco.com/
10609,ALTERNANCE - Ingénieur Data Analyst et Power BI,2023-09-02,Saint Gobain,http://www.saint-gobain.com/
7550,DATA ANALYST OU DATA INGÉNIEUR (F/H) - EN ALTERNANCE,2023-05-12,Carrefour,http://www.carrefour.com/
458,Data Analyst 2,2023-08-06,Comcast,http://www.comcast.com/
21422,Data Analyst,2023-05-03,eTeam Inc.,http://www.eteaminc.com/
38908,Data Analyst (h/f),2023-02-04,ADECCO,http://www.adeccogroup.com/
1072,Ingénieur Data,2023-12-06,Capgemini,http://www.capgemini.com/
111322,Business Data Analyst-(H/F),2023-07-30,Société générale,http://www.societegenerale.com/
262056,Business Intelligence Engineer,2023-12-22,Theblockchain Group,http://theblockchain-group.com/
200482,DATA ANALYST (H/F),2023-10-03,EDYCEM,http://www.edycem.fr/
3276,Data Analyst. Job in Nice Cambridge Careers,2023-04-24,Peroptyx,http://www.peroptyx.com/
6933,Data Analyst Epargne,2023-10-19,Generali,http://www.generali.com/
162,Analytics Engineer - full remote,2023-01-11,Harnham,http://harnham.com/
14573,Alternance - Data analyst & Project manager (H/F),2023-08-13,Societe Generale,http://www.societegenerale.com/
31077,data analyst f/h,2023-08-28,COVEA,http://www.covea.eu/
1903,STAGE - Support au déploiement des outils d'analyse de données F/H,2023-12-29,Safran,http://www.safran-group.com/
4842,data analyst production ferroviaire transilien sncf,2023-11-16,SNCF,https://www.sncf.com/
59581,DATA ANALYST H/F,2023-04-07,MAIF,http://www.maif.fr/
7758,Data Analyst H/F,2023-05-25,Credit Agricole,http://www.credit-agricole.com/
20952,Data Analyst(H/F),2023-06-16,Société Générale,http://www.societegenerale.com/
36063,Business Data Analyst,2023-12-08,Martin Brower France,http://martinbrower-ensemble.fr/
23943,"Apprenti Data analyst Apprenti Data analyst Ancenis, FR, 44150 11...",2023-05-12,Manitou Group,http://www.manitou.com/
73550,(DGDDI - DNRED) - Data analyst (cat. A) H/F,2023-10-03,"Ministère de l-Économie, des Finances et de la Souveraineté industrielle et numérique",http://www.economie.gouv.fr/
365309,Data Analyst H/F,2023-09-30,IN'LI,http://www.ogif.fr/
8693,Data Analyst Supply Chain h/f - Lezennes (59),2023-01-16,Leroy Merlin,http://www.leroymerlin.com/
458,"Analyst 4, Enterprise Data Analytics",2023-10-02,Comcast,http://www.comcast.com/
1014,STAGE - Finance data analyst,2023-11-17,Stellantis,http://www.fcagroup.com/
770676,sap master data lead,2023-10-25,Adler Pelzer Group,http://www.adlerpelzer.com/
7745,Data Analyst GIM France,2023-02-01,Saint-Gobain,http://www.saint-gobain.com/
7760,Data analyst,2023-11-27,Renault Group,http://www.renault.com/
1861,Data Analyst Acquisition Clients,2023-12-16,SGS Société Générale de Surveillance SA,http://www.sgs.com/
22942,Junior Claims Data Analyst M/F,2023-09-16,Crédit Agricole Assurances,http://www.ca-assurances.com/
5064,Analyst Data,2023-12-16,AstraZeneca GmbH,http://www.astrazeneca.de/
2741,"Analytics Engineer, Monetisation",2023-01-09,Vinted,http://vinted.com/
8537,Data Analyst en Logistique Industrielle,2023-09-21,AB Volvo,http://www.volvo.com/
8594,Alternant Data analyst / manager H/F,2023-04-11,Eureden,http://www.eureden.com/
11364,STAGE - Data Analyst / SIG,2023-02-15,TotalEnergies,http://www.total.com/
1044,Consultant Expérimenté & Manager en « Data Analyst & BI » ...,2023-02-11,EY,http://www.ey.com/
15482,Data Analyst,2023-01-04,Integrated DNA Technologies,http://www.idtdna.com/
10609,Data Analyst F/H,2023-04-11,Saint Gobain,http://www.saint-gobain.com/
28620,Data Analyst (F/H) - Contrat d'alternance,2023-04-20,RATPgroup,http://www.ratp.fr/
29419,Data Analyst EMEA H/F,2023-06-05,Estée Lauder,http://www.elcompanies.com/
16555,Data Analyst F/H,2023-08-21,Enedis,http://www.enedis.fr/
30718,data analyst,2023-02-12,Conservatoire National des Arts et Métiers,http://www.cnam.fr/
5064,Data Analyste SQL,2023-12-16,AstraZeneca GmbH,http://www.astrazeneca.de/
34680,Data Analyst H/F en télétravail,2023-12-16,Groupe M6,http://www.6play.fr/
34844,Stage Data Analyst  H/F,2023-08-09,OUEST FRANCE,http://www.ouest-france.fr/
35037,Wind Data Analyst ILA Engineer,2023-04-02,Bureau Veritas,http://www.bureauveritas.com/
22972,Data Analyst,2023-12-03,Orange Business,http://www.orange-business.com/
19339,Data ingénieur/data analyste F/H,2023-12-05,Pôle Emploi,http://www.pole-emploi.fr/
11364,Ingénieur Data Analyst Système Embarqué F/H,2023-08-15,TotalEnergies,http://www.total.com/
47510,Data Analyst M/F,2023-05-13,Crédit Agricole Group,http://www.credit-agricole.com/
47571,Data Analyst II,2023-03-05,Acord (association For Cooperative Operations Research And Development),http://www.acord.org/
17635,Alternance - Data Analyst H/F - Lyon,2023-03-16,Informatique Banque Populaire,http://www.banquepopulaire.fr/
2602,Stage Data Analyst,2023-05-13,GE Renewable Energy,http://www.gerenewableenergy.com/
50943,Data Analyst F/H,2023-07-20,Aéroports de Lyon,http://www.lyonaeroports.com/
26808,STAGE - Data Analyst H/F,2023-03-18,AFI KLM E&M,http://www.airfranceindustries.com/
59721,Data Analyst F/H H/F,2023-12-01,IZI Solutions,http://izi-by-edf.fr/
2,Data Analyst Industriel F/H,2023-03-02,Groupe ADP,http://www.groupeadp.fr/
31187,Data analyst F/H/X,2023-03-17,Citeo,https://www.citeo.com/
63077,Internship - Marketplace Data Analyst (6 months) - H/F,2023-01-05,ADEO,http://www.adeo.com/
63171,Data Analyst,2023-01-05,GAMIVO S.A.,http://www.gamivo.co/
4475,Data Analyst,2023-04-23,Fivesky,http://fivesky.com/
75548,Stage Data Analyst,2023-07-27,Adomik,http://www.adomik.com/
75699,Alternance data analyst,2023-05-13,COFIDIS FRANCE,http://www.cofidis.fr/
75822,CTO / Dev / Data Scientist / Data Analyst,2023-01-02,France Digitale,http://www.francedigitale.org/
77229,Alternant Data analyst / manager H/F,2023-04-03,EUREDEN,http://www.eureden.com/
19265,Wind Data Analyst ILA Engineer (F-H-X),2023-03-09,Bureau Veritas Group,http://www.bureauveritas.com/
57,Data Analyst,2023-03-05,Le Wagon,https://www.lewagon.com/fr/paris?utm_source=google&utm_medium=google-my-business
95755,Stage - Ynoveo - Data Analyst H/F,2023-08-17,Ynoveo,https://www.ynoveo.fr/
8693,Manager Data Analyst H/F,2023-01-17,Leroy Merlin,http://www.leroymerlin.com/
8693,Business Data Analyst H/F,2023-03-09,Leroy Merlin,http://www.leroymerlin.com/
21520,[Stage] Data Analyst SQL F/H,2023-12-06,Carrefour France,http://www.carrefour.com/
103244,Data Analyst,2023-12-06,DALKIA,http://www.dalkia.fr/
70463,ApprenticeShip Data Analyst F/M,2023-07-12,SIX Payment Services,http://www.six-payment-services.com/
53429,Data Analyst Achats - Entegra,2023-08-15,JOBLIFT GMBH,http://joblift.de/
53429,Data Analyst H/F (CDI),2023-08-15,JOBLIFT GMBH,http://joblift.de/
9708,CDD - Data Analyst CRM - Gestion de campagne marketingF/H,2023-02-28,La Banque Postale,http://www.labanquepostale.com/
98322,Data Analyst F/H,2023-02-28,Voyage Privé,http://www.voyage-prive.com/
23247,Actuarial Data Analyst,2023-02-28,PartnerRe,http://partnerre.com/
2209,data analyst cdi h/f,2023-09-09,Groupama,http://www.groupama.com/
223,Data Analyst,2023-02-28,Groupe SII,https://www.siigroup.com/
29347,Data analyste informatique SQL,2023-10-14,1G-LINK CONSULTING,http://1glink.com/
35182,Stage - Data Analyst Achats Ports & Terminaux (H/F),2023-02-28,CMA CGM,http://www.cma-cgm.com/
30870,Data Analyst H/F,2023-02-13,MICHAEL PAGE,http://www.page.com/
9708,Data analyst H/F,2023-02-28,La Banque Postale,http://www.labanquepostale.com/
62394,controleur de gestion sociale/data analyst,2023-10-17,TalentDetection,http://www.talentdetection.com/
128553,ALTERNANCE Data Analyst Exploitation BTP H/F,2023-04-09,NGE,http://www.nge.fr/
95755,Stage - Ynoveo - Data Analyst H/F,2023-10-03,Ynoveo,https://www.ynoveo.fr/
16947,Business/data analyst,2023-10-03,Business & Decision,http://www.hub-sales.com/
130367,CDI - Tech Lead Analytics GCP (F/H),2023-10-03,LVMH Group,http://www.lvmh.com/
47510,Data Analyst H/F,2023-10-03,Crédit Agricole Group,http://www.credit-agricole.com/
42400,Ingénieur data analyst F/H,2023-04-09,VINCI,http://www.vinci.com/
130499,Tourism Policy and Data Analyst(s),2023-02-28,OECD   OCDE,https://www.oecd.org/
53429,process data analyst,2023-08-15,JOBLIFT GMBH,http://joblift.de/
162,Web Data Analyst,2023-02-28,Harnham,http://harnham.com/
2948,DATA Analyst H/F,2023-05-06,Inetum,http://www.vimeo.com/
2161,Ingénieur Commercial Data H/F,2023-09-09,Atos,http://www.atosconsulting.com/
141277,Stage - Data Analyst à Paris la Défense - F/H,2023-10-20,RTE Réseau de Transport d'Electricité,http://www.rte-france.com/
56566,Data Analyst,2023-02-05,PayFit,http://payfit.com/
143629,Stage : Stage - Ingénieur Data Analyst (H/F),2023-02-13,VEOLIA ENVIRONNEMENT,http://www.veolia.com/
1861,Data Analyst Acquisition Clients,2023-09-23,SGS Société Générale de Surveillance SA,http://www.sgs.com/
22942,ALTERNANCE - Data analyst BI H/F,2023-03-25,Crédit Agricole Assurances,http://www.ca-assurances.com/
458,Sr. Data Analyst,2023-09-23,Comcast,http://www.comcast.com/
150584,Data Analyst F/H,2023-08-17,MEILLEURTAUX,http://www.meilleurtaux.com/
146381,ESG Data Analyst,2023-09-26,Amundi Asset Management,http://www.amundi.com/
458,Analyst Data,2023-11-20,Comcast,http://www.comcast.com/
5903,Manager Offre Data,2023-12-26,Avanade,http://www.avanade.com/
10609,Data Analyst F/H,2023-04-06,Saint Gobain,http://www.saint-gobain.com/
166480,Data Analyst F/H,2023-11-02,AFDAS,https://www.afdas.com/
100221,Digital Data Analyste F/H,2023-11-20,SAUR,http://www.saur.com/
31664,Online Data Analyst,2023-01-14,telus international,http://www.telusinternational.com/
3057,CDD - Chargé(e) de Reporting Risque (Data analyst) H/F,2023-12-13,BNP Paribas,https://www.bnpparibas.com/
71027,Data analyst risque de crédits / financements structurés-(H/F),2023-06-21,Societe Generale Corporate and Investment Banking - SGCIB,http://www.sgcib.com/
47510,Data Analyst H/F,2023-03-19,Crédit Agricole Group,http://www.credit-agricole.com/
57122,Data Analyst Junior H/F-(H/F),2023-03-06,ALD Automotive France,http://www.aldautomotive.com/
20952,Data Analyst,2023-10-19,Société Générale,http://www.societegenerale.com/
31291,Data Analyst - Connaissance Client B2B - H/F,2023-04-15,Nestle,http://www.nestle.com/
200237,Data Analyst,2023-08-21,SteelSeries ApS,http://www.steelseries.com/
31187,DATA ANALYST - F/H -ALTERNANCE,2023-02-09,Citeo,https://www.citeo.com/
26220,Data Analyst H/F,2023-08-21,Seenovate,http://www.br3consultants.fr/
207353,DATA ANALYST H/F,2023-10-20,ATERNO,http://www.chauffage-aterno.com/
22508,Stage Data (Data Analyst) F/H,2023-01-19,VINCI Airports,http://www.vinci.com/
37920,Data Analyste CRM Salesforce H/F,2023-11-23,CENTRIC SOFTWARE INC,http://www.centricsoftware.com/
47510,Data Analyst,2023-03-19,Crédit Agricole Group,http://www.credit-agricole.com/
218433,Stagiaire Supply Chain Data Analyst F/H,2023-08-23,CATANA GROUP,http://www.catanagroup.com/
187998,Data Analyst,2023-06-08,SII,https://www.siigroup.com/
3276,Data Analyst - Working From Home,2023-05-17,Peroptyx,http://www.peroptyx.com/
605,Collaborateur Tax Data Analyst F/H,2023-06-27,Deloitte,http://www.deloitte.com/
36063,Data Analyst,2023-11-02,Martin Brower France,http://martinbrower-ensemble.fr/
526097,Graduate Data Analyst,2023-11-24,Agence de services et de paiement (ASP),https://www.asp-public.fr/
587034,Data Analyst Emploi-Formation F/H,2023-11-02,"The Manitowoc Company, Inc.",http://www.manitowoc.com/
29433,Data Analyst,2023-05-02,Octopus Energy,http://www.octopusenergy.com/
23943,Business Data Analyst en alternance,2023-06-22,Manitou Group,http://www.manitou.com/
16555,Alternance - Data Analyst Appui au chef de projet numérique F/H,2023-07-17,Enedis,http://www.enedis.fr/
47510,Data Analyst M/F,2023-04-17,Crédit Agricole Group,http://www.credit-agricole.com/
1661,Tourism Policy and Data Analyst(s),2023-02-21,United Nations,http://www.un.org/
451571,Stagiaire Data Analyst Decarbonation H/F,2023-11-12,Bouygues Travaux Publics,http://www.bouygues-tp.com/
26118,Stage - Client Voice - Data Analyst,2023-01-25,Club Med,http://www.clubmed.com/
652508,Data analyst - chargé.e d'études statistiques en alternance,2023-06-16,URSSAF CAISSE NATIONALE,http://www.acoss.fr/
19416,Chargé d'études data analyst,2023-06-07,MSA,https://www.msa.fr/lfy
7550,Data Analyst (F/H) – en stage,2023-11-01,Carrefour,http://www.carrefour.com/
655074,Ingénieur Data,2023-01-07,sodifrance,http://www.sodifrance.fr/
2209,data analyst geomarketing,2023-11-05,Groupama,http://www.groupama.com/
20325,Data Analyst H/F,2023-04-03,Société Générale Assurances,http://www.assurances.societegenerale.com/en/sogecap/
7137,Data Analyst H/F,2023-01-08,Groupement Les Mousquetaires,http://www.mousquetaires.com/
8527,Ingénieur Data,2023-11-13,Subsea 7,http://www.subsea7.com/
14861,Data Analyst (H/F),2023-05-30,ALTEN,https://www.alten.fr/
6362,Data Analyst - Alternance F/H,2023-03-19,EDF,http://www.edf.com/
144491,Data Analyst H/F,2023-03-25,PRISMA MEDIA,http://www.vivendi.com/
447681,data analyst,2023-10-15,Clever Connect,http://www.meteojob.com/
16555,Stage - Data Analyst F/H,2023-03-05,Enedis,http://www.enedis.fr/
84523,Data Analyst H/F,2023-07-10,FED IT,https://www.federalreserve.gov/index.htm
3276,Consultant en analyse de données,2023-12-28,Peroptyx,http://www.peroptyx.com/
37869,Data Analyst,2023-03-11,Technicus,http://www.avellanagold.com/
31187,Analyst Master Data H/F,2023-11-05,Citeo,https://www.citeo.com/
675965,Data Analyst Marketing H/F,2023-06-06,Crédit Agricole de la Touraine et du Poitou,http://www.ca-tourainepoitou.fr/
603776,Data Analyst impact (stagiaire),2023-09-25,Alvie,http://www.alvie.fr/
374998,Analyst Master Data H/F,2023-11-05,Lesaffre Iberica SA,http://www.lesaffre.es/
79542,Junior Data Analyst - M/F,2023-10-10,Voltalia,http://www.voltalia.com/
202886,Data Analyst - Data Visualization,2023-04-21,Rolling Wireless,http://www.rollingwireless.com/
696284,Data Analyst RH,2023-04-09,Assistance Publique Hopitaux de Paris,http://www.aphp.fr/
54291,Data Analyst Product H/F,2023-01-06,JobTeaser,https://www.jobteaser.com/fr
7550,Alternance - Junior Data Analyst /Data Viz (F/H),2023-08-15,Carrefour,http://www.carrefour.com/
120556,Web data analyst f/h,2023-03-01,GROUPE MGEN,http://www.mgen.fr/
1014,"Data Analyst, Product Intelligence #SWX",2023-04-29,Stellantis,http://www.fcagroup.com/
7550,Data Analytics,2023-09-15,Carrefour,http://www.carrefour.com/
4255,Stage - Data Analyst F/H,2023-01-04,ENEDIS,http://www.enedis.fr/
45150,Apprenti Data analyst,2023-05-11,MANITOU Group,http://www.manitou.com/
710691,Alternance - Full Stack et Data Analyst (F/H),2023-03-26,Thales Alenia Space France SAS,http://www.thalesgroup.com/en/global/activities/space
139688,Apprenti Data Analyst Power BI,2023-08-13,X-Fab France SAS,http://www.xfab.com/
4842,Stage Data Analyst Business SNCF,2023-02-13,SNCF,https://www.sncf.com/
120937,Data analyst,2023-01-17,Experis ManpowerGroup,http://www.proservia.de/
158371,French speaking Junior Engineer,2023-12-22,Verkor,http://www.verkor.com/
3384,Sales Data Analyst H/F,2023-03-01,Air France,http://www.airfranceklm.com/
216764,Ingénieur Data Analyst - H/F,2023-02-06,ATOL Conseils et Développements,http://www.atolcd.com/
63361,Data Analyst H/F,2023-03-26,AKKA,http://www.akka-technologies.com/
5501,Online Data Analyst,2023-01-22,TELUS International,http://www.telusinternational.com/
380296,System Data Analyst,2023-01-22,SUEZ - Water Technologies & Solutions,http://www.suezwatertechnologies.com/
2894,Alternance - Business Intelligence (BI) Data Analyst - Bac +4/5 ...,2023-02-24,Schneider Electric,http://www.se.com/
156218,Data Analyst,2023-09-03,Ecm Crit,http://www.ecm-be.com/
33768,Data Analyst,2023-10-23,Orange Sa,http://www.orange.com/
33768,Data Analyst,2023-10-15,Orange Sa,http://www.orange.com/
12669,Data analyst projet F/H,2023-10-15,ORANO,http://www.orano.group/
7550,Data Analyst Performance,2023-10-12,Carrefour,http://www.carrefour.com/
4842,Data Analyst Business,2023-10-17,SNCF,https://www.sncf.com/
244,Alternance : Alternance Bac +4/5 Data Analyst H/F,2023-11-15,Publicis Groupe,http://www.publicisgroupe.com/
33768,Data Analyst,2023-10-14,Orange Sa,http://www.orange.com/
7758,ALTERNANCE - Data analyst BI H/F,2023-03-25,Credit Agricole,http://www.credit-agricole.com/
2280,sap master data lead,2023-10-25,ABB Schweiz AG,http://www.abb.com/
7758,STAGE DATA ANALYST H/F,2023-01-05,Credit Agricole,http://www.credit-agricole.com/
202054,Process Data Analyst - Europe (Home office),2023-01-04,Veolia Water Technologies & Solutions,http://www.suezwatertechnologies.com/
34150,Data Analyst Confirmé(e),2023-12-25,Frank Recruitment Group Services Ltd,http://www.frankgroup.com/
33768,Chargé de parcours de formations data IA,2023-11-29,Orange Sa,http://www.orange.com/
20952,Alternance - Data analyst (H/F),2023-09-28,Société Générale,http://www.societegenerale.com/
786212,data analyst,2023-01-06,BearingPoint AB,http://www.bearingpoint.com/en/
223,Data Analyst (H/F),2023-06-21,Groupe SII,https://www.siigroup.com/
3460,Data Analyst,2023-12-16,Orange SA,http://www.orange.com/
5689,Data Steward Junior,2023-04-09,beBee S FR,https://www.bebee.com/
20287,stage - marketing data analyst (stage) (h/f),2023-12-16,JCDecaux,http://www.jcdecaux.com/
22942,ALTERNANCE - Data analyst BI H/F,2023-04-02,Crédit Agricole Assurances,http://www.ca-assurances.com/
26808,STAGE - Data Analyst H/F,2023-03-17,AFI KLM E&M,http://www.airfranceindustries.com/
16555,Alternance - Data Analyst H/F F/H,2023-04-15,Enedis,http://www.enedis.fr/
33151,Alternance - Data Analyst (H/F),2023-04-12,Sogecap,http://www.assurances.societegenerale.com/en/sogecap/
21520,Data analyst,2023-12-21,Carrefour France,http://www.carrefour.com/
1903,Pricing and data analyst F/H,2023-10-19,Safran,http://www.safran-group.com/
19672,Business Data Analyst (ID: 23000086),2023-01-24,AXA Investment Managers,https://www.axa-im.com/
3677,Alternance - TD SYNNEX - Data Analyst H/F,2023-05-13,TD SYNNEX,https://www.synnex.com/
54537,ALTERNANCE - Marketing Automation - Data Analyst (H/F),2023-06-14,NEUFLIZE OBC,http://www.neuflizeobc.fr/fr/index.html
1403,DATA ANALYST EPARGNE - H/F,2023-12-15,Generali France,http://www.generali.fr/
63768,Data Analyst,2023-05-11,Econocom,http://www.econocom.com/
57122,Data Analyst-(H/F),2023-03-25,ALD Automotive France,http://www.aldautomotive.com/
11364,ALTERNANCE - Data Analyst Power BI F/H,2023-07-25,TotalEnergies,http://www.total.com/
68316,Alternant Etudes - Data Analyst H/F,2023-03-27,Colas,http://www.colas.com/
63361,FP&A & Reporting Analyst M/F,2023-04-23,AKKA,http://www.akka-technologies.com/
472,Transaction Data Analyst/Admin,2023-03-18,Rabobank,http://www.rabobank.com/
57,Junior Data Analyst,2023-03-13,Le Wagon,https://www.lewagon.com/fr/paris?utm_source=google&utm_medium=google-my-business
3891,Data Analyst,2023-09-20,Apside,http://www.apside.com/
96,Consultant(e) SI - Data Analyst F/H,2023-08-26,CGI,http://www.cgi.com/
47510,Data analyst H/F,2023-05-13,Crédit Agricole Group,http://www.credit-agricole.com/
20952,Data Analyst,2023-09-01,Société Générale,http://www.societegenerale.com/
47527,Stage - Data Analyst / Data Scientist H/F,2023-01-10,PMU,http://www.pmu.fr/
20952,Data analyst -(H/F),2023-08-06,Société Générale,http://www.societegenerale.com/
84016,Apprenti Data Analyst,2023-04-02,Ministère des Armées,http://www.defense.gouv.fr/english
36374,Ingénieur data analyst - h/f,2023-02-06,ATOL CONSEILS ET DEVELOPPEMENTS,http://www.atolcd.com/
8693,Business Data Analyst - Alternance H/F,2023-03-10,Leroy Merlin,http://www.leroymerlin.com/
38323,Big Data Analyst,2023-01-19,Decathlon,http://www.decathlon.com/
97332,DATA Analyst F/H,2023-06-09,Brink's,http://www.brinks.com/
5854,STAGE 2024 – Data analyst Supply vers un nouvel ERP (ALL GENDER),2023-09-07,Airbus,http://www.airbus.com/
7758,Data Analyst M/F,2023-07-07,Credit Agricole,http://www.credit-agricole.com/
56566,Data Analyst Internship,2023-08-24,PayFit,http://payfit.com/
2414,data analyst h/f,2023-05-26,Sysco,http://www.sysco.com/
53429,"r programmer, r shiny developer, data analyst programmer, data...",2023-01-02,JOBLIFT GMBH,http://joblift.de/
53429,Data Analyste H/F (CDI),2023-03-25,JOBLIFT GMBH,http://joblift.de/
114150,Data analyst H/F,2023-04-09,La banque postale,http://www.labanquepostale.com/
31261,Data Analyst / Web Analyst (H/F),2023-02-21,Agorapulse,http://www.agorapulse.com/
118072,Alternant - Data Analyst et SSI,2023-10-11,Sercab Group,http://www.sercab.ch/
121492,System Data Analyst,2023-03-07,Suez Water Technologies & Solutions,http://www.suezwatertechnologies.com/
3677,Alternance - TD SYNNEX - Data Analyst H/F,2023-09-09,TD SYNNEX,https://www.synnex.com/
121722,CDD - Data Analyst F/H,2023-09-09,bioMérieux SA,http://www.biomerieux.com/
63768,Data analyst H/F– Lille H/F,2023-06-18,Econocom,http://www.econocom.com/
134498,Data Analyst H/F en télétravail,2023-10-17,"TuneCore, Inc.",http://www.tunecore.com/
53429,Business Data Analyst H/F (CDI),2023-08-15,JOBLIFT GMBH,http://joblift.de/
139416,Data analyst,2023-02-28,BIOGARAN,http://www.biogaran.fr/
14573,Data analyst risque de crédits,2023-05-01,Societe Generale,http://www.societegenerale.com/
142924,Data Analyst BI,2023-03-27,Symrise,http://www.symrise.com/
145103,data analyst en alternance h/f,2023-05-26,Groupe terres Du Sud,http://www.terres-du-sud.fr/
20952,Data analyst,2023-01-08,Société Générale,http://www.societegenerale.com/
9139,Chargé(e) Etudes Statistiques - Data Analyst (F/H),2023-03-21,Allianz France,http://www.allianz.fr/
16947,Data Analyst POEI - Ecole de la Data & de l'IA - Promotion 202307,2023-05-05,Business & Decision,http://www.hub-sales.com/
35074,Analyste Risques Data en alternance,2023-05-07,Leasecom,http://www.leasecom.fr/
111322,Data Analyst H/F en télétravail,2023-11-21,Société générale,http://www.societegenerale.com/
156218,Data Analyst,2023-10-09,Ecm Crit,http://www.ecm-be.com/
26427,Data analyst Trainee,2023-11-28,Faurecia,http://www.faurecia.com/
20952,Alternance - Chargé de business intelligence client data (H/F),2023-05-06,Société Générale,http://www.societegenerale.com/
20952,Alternance - Développeur data analyste & automatisation (H/F),2023-05-07,Société Générale,http://www.societegenerale.com/
2209,Analyste Data,2023-11-20,Groupama,http://www.groupama.com/
164939,Data Analyst H/F en télétravail,2023-11-21,OneWeb Technologies Inc,http://www.trustcomm.com/
165802,Analyste Data,2023-11-13,EXPERIS FRANCE,http://www.proservia.de/
163220,Data Analyst - alternance,2023-07-18,Madeinvote,http://www.madeinvote.com/
24099,Data Analyst,2023-03-07,Cathay Pacific Airways Ltd,http://www.cathaypacific.com/
74959,Alternance - ACENSI - Data Analyst H/F,2023-12-21,ACENSI,http://www.acensi.fr/
28620,Data Analyst (F/H) - Contrat d'apprentissage,2023-07-21,RATPgroup,http://www.ratp.fr/
187019,data analyst f/h,2023-03-19,Aquantis,http://www.aquantistech.com/
187076,Data Analyst H/F,2023-08-21,THELEM ASSURANCES,http://www.thelem-assurances.fr/
9708,CDD - Data Analyst CRM,2023-02-01,La Banque Postale,http://www.labanquepostale.com/
1391,Ingénieur Industriel Data Analyst H/F,2023-04-14,Alten,https://www.alten.fr/
191367,Data Analyst,2023-01-14,DAHER,http://www.daher.com/
121296,Sales And Data Analyst,2023-04-06,LG ELECTRONICS,http://www.lg.com/
191542,Data Analyst (H/F) (Nouvelle fenêtre),2023-03-30,Groupe Vicat,http://www.vicat.com/
197607,Consultant Débutant Data Analyst en Financement F/H,2023-07-27,KPMG-France,http://www.kpmg.fr/
198653,Data Analyst Power BI,2023-10-06,Groupe Avril,http://www.groupeavril.com/
71027,Data Analyst-(H/F),2023-04-24,Societe Generale Corporate and Investment Banking - SGCIB,http://www.sgcib.com/
166763,Bi Data Analyst/ profil de mission H/F,2023-07-10,Groupe PSA,http://www.peugeot-diplomates.com/
223,Data Analyst (H/F),2023-02-24,Groupe SII,https://www.siigroup.com/
1044,Consultant Expérimenté Automatisation/Data Analytics Paris H/F,2023-07-15,EY,http://www.ey.com/
212092,Data Analyst F/H,2023-05-31,Groupe Plastivaloire,http://www.plastivaloire.com/
631,Alternance Data Analyst,2023-08-12,GSK,http://www.gsk.com/
11592,Data Analyst H/F,2023-09-24,Expleo Group,https://expleo.com/global/en/
42038,Marketing Data Analyst,2023-05-16,Contentsquare,http://contentsquare.com/
129685,Contrôleur de gestion SI / Data Analyst F/H,2023-08-02,Orano Group,http://www.orano.group/
57122,Data Analyst-(H/F),2023-03-25,ALD Automotive France,http://www.aldautomotive.com/
222485,Analytics Engineer Intern,2023-08-24,Stonly,http://stonly.com/
7550,Data Analyst,2023-08-24,Carrefour,http://www.carrefour.com/
631,Stage Data Analyst,2023-05-05,GSK,http://www.gsk.com/
11364,Data Analyst – Portefeuille R&D débutant/e,2023-01-10,TotalEnergies,http://www.total.com/
96,Consultant Data Analyst - Amiens - H/F,2023-01-28,CGI,http://www.cgi.com/
62512,Marketing Data Analyst,2023-03-19,Félix Giorgetti,http://www.gio.lu/
158996,ALT - Data Analyst - F/H,2023-05-12,CHRONOPOST,http://www.chronopost.fr/
45541,alternance : data analyst en batiment h/f - alt 23 - data lyon -30010,2023-04-08,Bouygues Bâtiment Sud-Est,http://www.bouygues-construction.com/
1116,Manager Data Analyst,2023-11-25,Publicis Sapient,https://www.publicissapient.com/
60471,Media Analytics assistant,2023-09-28,Coty,http://www.coty.com/
20952,Data Analyst-(H/F),2023-05-06,Société Générale,http://www.societegenerale.com/
2810,Data Center Security Monitor,2023-08-24,Amentum,http://www.amentum.com/
3460,Stage - Social Data Analyst F/H,2023-11-07,Orange SA,http://www.orange.com/
2209,Stage Data analyst - Gestion Déléguée relation Délégataire H/F,2023-07-20,Groupama,http://www.groupama.com/
256490,Chargé(e) Marketing et data Analytics H/F,2023-09-13,PELLENC SELECTIVE TECHNOLOGIES,http://www.pellencst.com/
7102,Alternance - Amgen - Data analyst | Business intelligence H/F,2023-09-25,Amgen,http://www.amgen.com/
3384,Sales Data Analyst H/F,2023-03-02,Air France,http://www.airfranceklm.com/
2115,Product Data Analyst,2023-06-16,SumUp,http://sumup.com/
203451,CDI Responsable Data,2023-12-09,Gif,https://gif.gl/
130109,DATA Analyst rémunération (F/H) Alternance,2023-07-17,MACIF,http://www.macif.fr/
7875,data analyst f/h.,2023-02-18,AUSY,http://www.ausy.fr/
49631,Data Analyst for Data Quality,2023-04-10,VOLVO GROUP,http://www.volvo.com/
244,Alternance - Publicis Groupe - Data Analyst/Planner (F/H),2023-09-25,Publicis Groupe,http://www.publicisgroupe.com/
1861,Data Analyst Formation Alternance Bac +4,2023-12-03,SGS Société Générale de Surveillance SA,http://www.sgs.com/
53429,data analyst,2023-01-28,JOBLIFT GMBH,http://joblift.de/
58660,Data Analyst,2023-02-18,Engie,http://www.engie.com/
12231,Group Marketing Data Analyst,2023-05-02,Allianz Trade en France,http://www.eulerhermes.com/
130367,CDI - Global Finance Data Analyst (W/M),2023-09-25,LVMH Group,http://www.lvmh.com/
53429,Data Analyst,2023-01-27,JOBLIFT GMBH,http://joblift.de/
303549,analyste rémunération H/F (data analyst RH),2023-07-14,SYNERLAB GROUP,http://www.synerlab.com/
306625,Analyste de données,2023-11-27,Manitou BF,http://www.manitou.com/
2209,DATA ANALYST CDI H/F,2023-07-20,Groupama,http://www.groupama.com/
33768,Data Analyst en apprentissage,2023-07-22,Orange Sa,http://www.orange.com/
4255,Stage - Data Analyst F/H,2023-02-17,ENEDIS,http://www.enedis.fr/
34150,Data Analyst en ESN,2023-12-23,Frank Recruitment Group Services Ltd,http://www.frankgroup.com/
57269,Data Analyst (Données Achats)H/F,2023-03-01,Sonepar,http://www.sonepar.com/
326363,Data Analyst (F/H) - STAGE,2023-08-11,Agence du Numérique en Santé,http://www.esante.gouv.fr/
109506,Data Analyst,2023-01-31,Guerbet,http://www.guerbet.com/
453757,Data Analyst H/F,2023-04-04,Générale de Téléphone,http://www.generaledetelephone.com/
3460,[Stage] Data Analyst SQL F/H,2023-10-13,Orange SA,http://www.orange.com/
7550,DATA ANALYST OU DATA INGÉNIEUR (F/H) - EN ALTERNANCE,2023-05-12,Carrefour,http://www.carrefour.com/
620683,Data Analyst (H/F),2023-11-03,Vente-unique.com,https://www.vente-unique.com/
51141,"Data Analytics, Department of Business Administration",2023-08-17,University of Maryland Global Campus,https://www.umgc.edu/
9708,CDD - Data Analyst F/H,2023-05-13,La Banque Postale,http://www.labanquepostale.com/
692,Data Analyst Finance (H/F),2023-01-02,Michael Page,http://www.page.com/
142924,Data Analyst BI (m/f),2023-06-16,Symrise,http://www.symrise.com/
14861,Data Analyst (H/F),2023-05-02,ALTEN,https://www.alten.fr/
100221,Stage - Process Data Analyst H/F/X (Publiée le 12/03),2023-04-04,SAUR,http://www.saur.com/
692,Data Analyst  - Côte d'Ivoire - AgroIndustrie,2023-08-09,Michael Page,http://www.page.com/
158996,Data Analyst - F/H,2023-09-20,CHRONOPOST,http://www.chronopost.fr/
8594,Alternant Data Analyst - Manager H/F,2023-03-31,Eureden,http://www.eureden.com/
45150,Business Data Analyst en alternance,2023-06-22,MANITOU Group,http://www.manitou.com/
35182,Stage - Data Analyst RH H/F (Stage),2023-12-14,CMA CGM,http://www.cma-cgm.com/
11592,Data Analyst - Toulouse H/F,2023-10-11,Expleo Group,https://expleo.com/global/en/
2161,Consultant Data Analyst Power BI F/H,2023-04-17,Atos,http://www.atosconsulting.com/
9708,Data analyst H/F,2023-05-13,La Banque Postale,http://www.labanquepostale.com/
9708,Data Analyst - risques de crédit F/H,2023-02-16,La Banque Postale,http://www.labanquepostale.com/
2298,Consultant(e) Data Analyst / Power BI,2023-07-27,Jefferson Frank,http://www.frankgroup.com/
662004,Data Analyste,2023-11-05,"Oregon Tool, Inc.",http://www.blount.com/
26220,Data Analyst,2023-11-13,Seenovate,http://www.br3consultants.fr/
24256,CDD - Data Analyst Ressources Humaines F/H,2023-09-13,Orange Business Services,http://www.orange-business.com/
96,Data Analyst F/H,2023-10-08,CGI,http://www.cgi.com/
20952,Data Analyst(H/F),2023-02-16,Société Générale,http://www.societegenerale.com/
20325,Data Analyst -(H/F),2023-04-01,Société Générale Assurances,http://www.assurances.societegenerale.com/en/sogecap/
53429,Data Analyste,2023-07-05,JOBLIFT GMBH,http://joblift.de/
30718,DATA ANALYST - ANALYSTE DE DONNéES.,2023-02-13,Conservatoire National des Arts et Métiers,http://www.cnam.fr/
10609,ALTERNANCE - Ingénieur Data Analyst et Power BI. Job in France My...,2023-09-02,Saint Gobain,http://www.saint-gobain.com/
4255,Data Analyst F/H,2023-01-31,ENEDIS,http://www.enedis.fr/
20952,Data Analyst -(H/F),2023-04-04,Société Générale,http://www.societegenerale.com/
3276,Data Analyst - Working From Home. Job in Nice Cambridge Careers,2023-04-24,Peroptyx,http://www.peroptyx.com/
162599,Apprenticeship - Junior Technology Data Analyst (H/F) – September 2023,2023-03-01,Tikehau Capital,http://www.tikehaucapital.com/
718777,Data Analyst,2023-10-19,SPIEgroup,http://www.spie.com/
4842,Data Analyst Business SNCF,2023-02-22,SNCF,https://www.sncf.com/
251952,Data Analyst,2023-03-23,La Redoute,http://www.laredoute.fr/
12669,data analyst f/h,2023-03-26,ORANO,http://www.orano.group/
34844,Data Marketing Analyste H/F,2023-06-24,OUEST FRANCE,http://www.ouest-france.fr/
730668,Recrutement d'un·e data analyst pour du data wrangling,2023-12-21,Institut National d'Etudes Démographiques (INED),https://www.ined.fr/
110278,Data Analyst Fleet Performance,2023-04-23,"Siemens Gamesa Renewable Energy, S.A.",http://www.gamesacorp.com/
1116,Data Analyst (H/F) - Alternance,2023-05-17,Publicis Sapient,https://www.publicissapient.com/
584305,Data analyst senior - Expert en pilotage de risque F/H,2023-04-16,CAISSE DES DEPOTS ET CONSIGNATIONS,http://www.caissedesdepots.fr/
21520,Data Analyst Approvisionnement,2023-12-22,Carrefour France,http://www.carrefour.com/
20952,Alternance - Développeur python & data analyste (H/F),2023-10-02,Société Générale,http://www.societegenerale.com/
227283,Ingénieur data analyst F/H,2023-01-19,VINCI Construction,http://www.vinci-construction.com/
288773,Data analyst,2023-01-13,Renault S.a.s.,http://www.renault.com/
248221,Alternance - Data Analyst (F/H),2023-09-21,Totalenergies,https://total.direct-energie.com/
130109,Data Analyst H/F,2023-03-11,MACIF,http://www.macif.fr/
56566,Data Analyst (Internship),2023-02-07,PayFit,http://payfit.com/
9938,Data Analyst,2023-09-18,Natixis,http://www.natixis.com/
17813,Data analyste h/f,2023-11-15,"S&P Global, Inc.",http://www.spglobal.com/
460834,Data Analyst,2023-11-15,VINCI Concessions,http://www.vinci-concessions.com/
210371,Data Analyst Gaz H/F,2023-09-13,URVIKA,http://www.urvika.com/
108486,Alternant Licence Master Data Analyst,2023-05-05,Le Groupe La Poste,http://www.groupelaposte.com/
56930,Alternance - Data Analyst (DATAEU-8261),2023-08-20,Bolloré Group,http://www.bollore.com/
27843,Data Analyst Intern (M/F),2023-01-21,SESAMm,https://www.sesamm.com/
33151,Alternance - Data Analyst (H/F),2023-10-01,Sogecap,http://www.assurances.societegenerale.com/en/sogecap/
4842,Alternant(e) Data Analyst Assist Responsable Pôle Prise en charge...,2023-09-06,SNCF,https://www.sncf.com/
134914,Data analyst h/f,2023-01-02,MARINE NATIONALE,https://www.etremarin.fr/
241052,Data Analyst,2023-01-17,CDP,http://www.cdp.net/
6933,Ingénieur données - Data Analyst,2023-01-01,Generali,http://www.generali.com/
615098,Data analyst h/f,2023-12-25,HAYS Recrutement Interne,http://www.hays.com/
641,Data Analyste,2023-12-16,Odido,http://www.t-mobile.nl/
2346,Data Analyst PowerBI F/H,2023-11-22,Axians,https://www.axians.de/
6362,Stage de fin d'études Ingénieur Data Analyst - (H/F),2023-03-23,EDF,http://www.edf.com/
10454,Stage - Data Analyst et Scientist F/H,2023-07-30,Groupe ADP - Aéroport de Paris,http://www.groupeadp.fr/
1044,Data Analyst Expérimenté H/F,2023-01-24,EY,http://www.ey.com/
6992,Data Analyst H/F/NB,2023-07-13,Keyrus,http://www.keyrus.com/
9752,Data Analyst,2023-07-28,Bayer AG,http://www.bayer.com/
21025,Data Analyst F/H. Job in France FOX8 Jobs,2023-11-29,ENYGEA,http://www.enygea.com/
1072,Data Analyst H/F,2023-02-11,Capgemini,http://www.capgemini.com/
2209,Data Analyst,2023-12-16,Groupama,http://www.groupama.com/
14573,Alternance - Assistant Chief Operating Officer et Data Analyst (H/F),2023-08-10,Societe Generale,http://www.societegenerale.com/
1044,Consultant Expérimenté « Data Analyst & BI » - Secteur Financier...,2023-01-12,EY,http://www.ey.com/
36063,Data Analyst,2023-12-21,Martin Brower France,http://martinbrower-ensemble.fr/
39905,Quality Data Analyst,2023-05-12,Schmidt Groupe,https://job.schmidt/
40486,Alternance : Data Analyst et performance  - Clermont-Fd (H/F),2023-03-16,Mfpm Michelin,http://www.michelin.com/
44419,Data Analyst,2023-02-11,Harmonie Mutuelle,http://www.harmonie-mutuelle.fr/
417,Lead Data Analyst - SAS Programming,2023-03-16,Thermo Fisher Scientific,https://www.thermofisher.cn/cn/zh/home.html
22942,HR Data Analyst H/F,2023-07-11,Crédit Agricole Assurances,http://www.ca-assurances.com/
65609,Data analyst marketing,2023-02-09,CBP FRANCE,http://www.cbp.fr/
14861,Data Analyst Intern in Cycling Data (Stage 4A ou 5A),2023-07-03,ALTEN,https://www.alten.fr/
47510,data analyst fraude h/f,2023-05-01,Crédit Agricole Group,http://www.credit-agricole.com/
64515,DATA ANALYST COMPTABILITE CARBONE H/F,2023-11-09,STEF,http://www.stef.com/
1430,Business Data Analyst,2023-03-08,Devoteam,http://www.devoteam.com/
23943,Business Data Analyst en alternance Business Data Analyst en...,2023-08-21,Manitou Group,http://www.manitou.com/
107720,Business Data Analyst,2023-02-28,Groupe Pasteur Mutualité,http://www.gpm.fr/
61683,Lead Data Analyst,2023-02-28,Ippon Technologies,http://www.ippon.fr/
121296,Sales And Data Analyst,2023-04-15,LG ELECTRONICS,http://www.lg.com/
26220,Data Analyst H/F,2023-09-09,Seenovate,http://www.br3consultants.fr/
26220,Data Analyst H/F,2023-10-03,Seenovate,http://www.br3consultants.fr/
123711,Stage Data Analyst,2023-04-09,GENERAL ELECTRIC GE Renewable Energy,http://www.gerenewableenergy.com/
137224,STAGE : Assistant Data Analyst Marketing H/F,2023-02-28,Crédit Agricole d'Aquitaine,http://www.ca-aquitaine.fr/
144491,Data Analyst H/F,2023-03-16,PRISMA MEDIA,http://www.vivendi.com/
146381,Assistant Data Analyste,2023-11-13,Amundi Asset Management,http://www.amundi.com/
16555,Alternance - Data Analyst IA (H/F),2023-02-09,Enedis,http://www.enedis.fr/
458,Business / Data Analyst - FreeWheel,2023-09-23,Comcast,http://www.comcast.com/
6873,Française des Jeux: Alternance Data Analyst F/H,2023-10-19,Crédit Agricole SA,http://www.credit-agricole.com/
680,Data Analyst F/H,2023-01-17,Capgemini Engineering,http://www.altran.com/
77422,Analyst Data,2023-11-21,Groupe FNAC DARTY SA,http://www.fnacdarty.com/
1125,Investment %26 Finance Data Analyst - (Job Number: 23000B3M),2023-12-06,AXA,http://www.axa.com/
96,digital analyst en alternance,2023-11-16,CGI,http://www.cgi.com/
158680,data analyst en alternance,2023-09-26,OMNES Education,http://www.omneseducation.com/
3677,"Data analyst, en alternance",2023-07-19,TD SYNNEX,https://www.synnex.com/
50003,Stagiaire Data Analyst (H/F) - Lyon,2023-09-29,GRDF,http://www.grdf.fr/
130109,Data analyst / Data scientist H/F - Alternance,2023-01-26,MACIF,http://www.macif.fr/
20952,Business Data Analyst-(H/F),2023-05-01,Société Générale,http://www.societegenerale.com/
19556,STAGE - Financial Data Analyst - Digitalization (F/H),2023-02-24,DASSAULT SYSTEMES,http://www.3ds.com/
180257,Stage - Data Analyst Trust F/H,2023-10-04,ORANGE BUSINESS,http://www.orange-business.com/
223,Data analyst (H/F),2023-12-28,Groupe SII,https://www.siigroup.com/
7137,Product Owner Data,2023-11-02,Groupement Les Mousquetaires,http://www.mousquetaires.com/
96,Data Analyst F/H,2023-11-02,CGI,http://www.cgi.com/
214889,Alternance Data Analyst H/F,2023-03-05,BOUYGUES,http://www.bouyguestelecom.fr/
45150,Data Analyst H/F,2023-12-05,MANITOU Group,http://www.manitou.com/
19942,ESG Investment Data Analyst,2023-04-16,AXA XL,http://axaxl.com/
232612,alternant data analyst,2023-04-16,Groupe Terrena,http://www.terrena.fr/
28620,Stage fin d'études BAC +5 Data Analyst et Business iNTELLIGENCE (F/H),2023-12-06,RATPgroup,http://www.ratp.fr/
23943,"Apprenti Data analyst Apprenti Data analyst Ancenis, FR, 44150 8...",2023-07-08,Manitou Group,http://www.manitou.com/
38908,data analyst,2023-12-07,ADECCO,http://www.adeccogroup.com/
1125,ESG Investment Data Analyst,2023-03-19,AXA,http://www.axa.com/
247712,Finance Data Analyst H/F,2023-07-20,VYGON,http://www.vygon.com/
58660,Data Analyst,2023-02-10,Engie,http://www.engie.com/
26808,Alternance - Performance Data Analyst / Data Project Manager H/F,2023-04-27,AFI KLM E&M,http://www.airfranceindustries.com/
23943,"Apprenti Data analyst Apprenti Data analyst Ancenis, FR, 44150 9...",2023-06-10,Manitou Group,http://www.manitou.com/
37535,Consultant Tableau - Data Analyst,2023-10-12,Actinvision,http://www.actinvision.com/
7524,Data Analyst (h/f),2023-07-17,The Adecco Group,http://www.adeccogroup.com/
19544,Data Analyst Expérimenté H/F,2023-03-19,Ernst & Young,http://www.ey.com/
3384,Alternance – Data Analyst Service Now Configuration Management...,2023-04-27,Air France,http://www.airfranceklm.com/
57122,Assistant vente data-(H/F),2023-05-18,ALD Automotive France,http://www.aldautomotive.com/
4256,Lead Data Analyst - Finance,2023-07-14,Ornikar,http://www.ornikar.com/
126499,"Data Analyst, Monetization, Marketing Analytics",2023-09-25,Northzone,http://www.northzone.com/
62328,Alternance data analyst,2023-04-07,Groupe Atlantic,http://groupe-atlantic.fr/
20952,Data Analyst,2023-02-14,Société Générale,http://www.societegenerale.com/
277699,Data Analyst H/F,2023-09-25,Perenco,http://www.perenco.com/
6178,Manager data analyst marketing H/F,2023-06-08,MEDIAPOST,http://www.baam.pt/
4562,Data Analyst H/F en télétravail,2023-10-06,Sopra Steria,http://www.sopragroup.com/
4562,Ingénieur Data Finance H/F,2023-12-21,Sopra Steria,http://www.sopragroup.com/
38086,Data Analyst M/F,2023-09-25,ST Microelectronics,http://www.st.com/
63768,Business Data Analyst,2023-09-17,Econocom,http://www.econocom.com/
54971,Alternance - Ingénieur Data Analyst H/F,2023-05-25,Ciril GROUP,http://www.cirilgroup.com/
121722,Graduate Data Analyst,2023-09-20,bioMérieux SA,http://www.biomerieux.com/
16052,DATA ANALYSTE,2023-12-21,Joblift,http://joblift.de/
2209,DATA ANALYST PILOTAGE OPERATIONNEL H/F,2023-07-20,Groupama,http://www.groupama.com/
40957,Data Quality Analyst H/F,2023-04-15,Hager Group,http://www.hagergroup.com/
20952,Analyste data quality,2023-08-20,Société Générale,http://www.societegenerale.com/
17635,Data Analyst F/H,2023-02-28,Informatique Banque Populaire,http://www.banquepopulaire.fr/
79986,Alternance - Data Analyst (H/F),2023-04-30,Boursorama,http://www.boursorama.com/
35932,Data Analyst F/H CDI,2023-01-04,Groupe Covéa,http://www.covea.eu/
79986,Data Analyst,2023-11-11,Boursorama,http://www.boursorama.com/
13631,data quality analyst,2023-12-25,Volvo Group,http://www.volvo.com/
118792,Data Analyst H/F H/F,2023-04-01,ARKEA Banque Entreprises et Institutionnels,http://www.arkea-banque-ei.com/
330411,Data Analyst,2023-08-08,Aramis Group,http://aamis.group/
116783,Apprentissage - Data Analyst RH F/H/NB,2023-03-01,Ipsos,http://www.ipsos.com/
22942,VIE - Data Analyst / Data Engineer H/F,2023-08-24,Crédit Agricole Assurances,http://www.ca-assurances.com/
335124,Stage - Balzac Paris - Data Analyst H/F,2023-05-07,Balzac Paris,http://www.balzac-paris.fr/
337033,Data Analyst H/F,2023-12-01,in'li,http://www.inli.fr/
7758,Alternance - Assistant(e) Data Analyst H/F,2023-03-31,Credit Agricole,http://www.credit-agricole.com/
124725,Consultant Data Analytics,2023-12-21,Grant Thornton France,http://www.grant-thornton.fr/
27916,Data Analyst,2023-09-08,MNH,http://www.mnh.fr/
225451,Apprentissage : Data Analyst H/F,2023-04-05,Psa,http://www.peugeot-diplomates.com/
75699,Alternance data analyst,2023-04-07,COFIDIS FRANCE,http://www.cofidis.fr/
47510,Data analyst H/F,2023-04-30,Crédit Agricole Group,http://www.credit-agricole.com/
2948,Data Analyst H/F H/F,2023-02-20,Inetum,http://www.vimeo.com/
178287,Data analyst h/f (CDI),2023-01-22,Marine Nationale,https://www.etremarin.fr/
21556,Data Analyst - Services F/H,2023-01-14,SAFRAN,http://www.safran-group.com/
20952,Business data analyst- H/F/X,2023-11-20,Société Générale,http://www.societegenerale.com/
357701,Technicien·ne aéronautique Data Analyst,2023-09-20,Philotech France,http://www.philotech.de/
1044,Consultant Expérimenté Data Analyst & BI H/F (CDI),2023-03-13,EY,http://www.ey.com/
20325,Data Analyst H/F,2023-01-16,Société Générale Assurances,http://www.assurances.societegenerale.com/en/sogecap/
1044,Data Analyst Expérimenté H/F (CDI),2023-05-25,EY,http://www.ey.com/
26011,Ingénieur Data Analyst F/H,2023-01-15,THALES,http://www.thalesgroup.com/
21556,Stage - Data Analyst F/H,2023-11-03,SAFRAN,http://www.safran-group.com/
21556,ALTERNANCE - Data Analyst en Contrôle de Gestion Achats F/H,2023-04-23,SAFRAN,http://www.safran-group.com/
21556,STAGE – Data Analyst F/H,2023-11-20,SAFRAN,http://www.safran-group.com/
20952,STAGE DATA ANALYST - DATAVIZ- H/F/X,2023-12-04,Société Générale,http://www.societegenerale.com/
55603,Business Analyst / Data Analyst F/H,2023-10-12,Covéa,http://www.covea.com/fr
35932,Data Analyst F/H CDI,2023-01-22,Groupe Covéa,http://www.covea.eu/
75548,Stage Data Analyst (M/F),2023-07-17,Adomik,http://www.adomik.com/
124682,Data Analyst H/F,2023-07-29,Meilleurtaux,http://www.meilleurtaux.com/
20325,Data Analyst H/F,2023-01-22,Société Générale Assurances,http://www.assurances.societegenerale.com/en/sogecap/
76707,Marketing Data Analyst - Cdi - Lyon (F/H),2023-07-30,Tyredating,http://www.tyredating.com/
26011,Data Analyst,2023-07-09,THALES,http://www.thalesgroup.com/
82132,Vessel Performance Data Analyst,2023-06-30,GTT,http://www.gtt.net/
21556,Stagiaire DATA Analyst F/H,2023-11-28,SAFRAN,http://www.safran-group.com/
21556,Data Analyst et support client pour les transmissions donnée de...,2023-01-02,SAFRAN,http://www.safran-group.com/
21556,Stagiaire Ingénieur-e Data Analyst F/H,2023-06-30,SAFRAN,http://www.safran-group.com/
13575,Analytics Graduate Scheme,2023-06-30,Frasers Group,http://www.sportsdirect.com/
26011,Data Analyst & Amélioration Continue – (H/F),2023-01-01,THALES,http://www.thalesgroup.com/
692,Data Analyst H/F (CDI),2023-01-19,Michael Page,http://www.page.com/
15279,Stagiaire - Data Analyst (Middle et Back Office),2023-10-25,Post Luxembourg,http://www.postgroup.lu/
19245,Data Analyst - Jamble,2023-09-23,Voodoo,https://www.voodoo.io/
308627,PN SSMSI 75 - Chef de projet data analyst méthodologie protocole...,2023-06-21,Ac Amiens,http://www.amiensfootball.com/
9708,Data Analyst,2023-01-30,La Banque Postale,http://www.labanquepostale.com/
178287,Data analyst en charge de la transformation numérique h/f (CDI),2023-03-01,Marine Nationale,https://www.etremarin.fr/
21556,Alternance Data Analyst F/H,2023-04-04,SAFRAN,http://www.safran-group.com/
852,DATA ANALYST (H/F),2023-12-28,APEC,http://www.apec.fr/
21556,Stage - Data Analyst Achats F/H,2023-01-04,SAFRAN,http://www.safran-group.com/
50011,Data analyst H/F,2023-05-30,Mediapost,http://www.baam.pt/
73815,Stage Data Analyst H/F.,2023-04-16,Talentsoft,https://techlife.talentsoft.com/
323173,Operations Data Analyst,2023-07-19,YesWeHack ⠵,http://www.yeswehack.com/
95755,Stage - Ynoveo - Data Analyst H/F,2023-02-16,Ynoveo,https://www.ynoveo.fr/
20650,Alternance - Data analyst (H/F),2023-10-20,Alliance Healthcare,http://www.alliance-healthcare.com.tr/
16555,Alternance - Data Analyste (F/H),2023-02-26,Enedis,http://www.enedis.fr/
330726,Data Analyst F/H,2023-08-31,Auchan Retail,http://www.groupe-auchan.com/
62394,Data Analyst,2023-11-19,TalentDetection,http://www.talentdetection.com/
24711,Stage 6 mois - Bac +4/5 - Data Analyst développeur Power BI ...,2023-12-14,L'Oréal,http://www.loreal.com/
284814,Data Analyst,2023-05-09,HARDIS GROUP,http://www.hardis-group.com/
11592,Data Analyst en Fiabilité aéronautique,2023-09-29,Expleo Group,https://expleo.com/global/en/
340190,Data Analyst Confirmé - M/F/NB (CDI),2023-10-03,Click&Boat,http://www.clickandboat.com/
7550,Junior Data Analyst / Junior Data Viz (F/H) - Alternance,2023-03-21,Carrefour,http://www.carrefour.com/
5235,Data Analyst,2023-04-24,emagine,http://www.emagine-entertainment.com/
1861,Analyste de test data h/f,2023-10-19,SGS Société Générale de Surveillance SA,http://www.sgs.com/
7550,DATA ANALYST EN ALTERNANCE (F/H),2023-04-27,Carrefour,http://www.carrefour.com/
9752,Data Analyst,2023-08-20,Bayer AG,http://www.bayer.com/
7550,DATA ANALYST JUNIOR (F/H),2023-08-31,Carrefour,http://www.carrefour.com/
2209,Data analyst H/F,2023-04-01,Groupama,http://www.groupama.com/
30870,Data Analyst H/F,2023-02-09,MICHAEL PAGE,http://www.page.com/
352115,Data Analyst EMEA,2023-06-06,ELC Beauty,http://www.elcompanies.com/
20952,STAGE CHARGE(E) D’ETUDES STATISTIQUES / DATA ANALYST-(H/F),2023-01-14,Société Générale,http://www.societegenerale.com/
19544,Data Analyst Expérimenté H/F,2023-03-16,Ernst & Young,http://www.ey.com/
20325,CHARGE(E) D’ETUDES STATISTIQUES / DATA ANALYST- H/F,2023-01-15,Société Générale Assurances,http://www.assurances.societegenerale.com/en/sogecap/
73281,Data analyst (H/F),2023-06-01,Crit,http://www.groupe-crit.com/
6362,Stage de fin détudes Ingénieur Data Analyst - (H/F),2023-04-21,EDF,http://www.edf.com/
26011,Regional Demand Manager / Data Analyst - F/H,2023-11-30,THALES,http://www.thalesgroup.com/
21556,Data Analyst RH F/H,2023-11-02,SAFRAN,http://www.safran-group.com/
366705,Alternance - Assistant.e Data Analyst Si (H/F),2023-08-31,Agence Francaise De Developpement,http://www.afd.fr/
1044,Data Analyst Expérimenté H/F (CDI),2023-02-12,EY,http://www.ey.com/
21556,ALTERNANCE - Data Analyst en Contrôle de Gestion Achats F/H,2023-05-01,SAFRAN,http://www.safran-group.com/
21556,Stage - DATA ANALYST - Reporting Supply Chain F/H,2023-11-29,SAFRAN,http://www.safran-group.com/
374385,CRM & Commercial Data Analyst,2023-09-21,ALFA LAVAL,http://www.alfalaval.com/
41676,Data Analyst F/H,2023-01-18,AUCHAN RETAIL SERVICES,http://www.groupe-auchan.com/
21556,STAGE - Data - Analyste de marché aéronautique F/H,2023-12-31,SAFRAN,http://www.safran-group.com/
3057,"VIE Data Analyst, Cardif",2023-02-19,BNP Paribas,https://www.bnpparibas.com/
6992,Data Analyst H/F/NB,2023-09-27,Keyrus,http://www.keyrus.com/
390381,Data Analyst E-commerce (H/F),2023-07-29,Snowleader,https://www.snowleader.com/
308787,Data analyst h/f (CDI),2023-04-24,DE GRAËT CONSULTING,http://www.degraet.fr/
16068,Data Analyst - Business Performance Analytics at Criteo,2023-03-16,Criteo,http://www.criteo.com/
21556,Stage Data Analyste F/H,2023-12-31,SAFRAN,http://www.safran-group.com/
124800,Data Analyst (Python) F/H,2022-12-31,Yeswehack,http://www.yeswehack.com/
4562,Stage data analyst - industrie et services - lille,2023-08-29,Sopra Steria,http://www.sopragroup.com/
19749,Data Analyst,2023-01-17,Esko,http://www.esko.com/
41977,Data Analyst at StudentFinance,2023-08-28,StudentFinance,http://www.uin-malang.ac.id/
9231,Data & Analytics Manager EMEA-ANZ [Digital Marketing],2023-03-07,"Stanley Black & Decker, Inc.",http://www.stanleyblackanddecker.com/
692,Data Analyst - Grand Groupe Français H/F (CDI),2023-06-12,Michael Page,http://www.page.com/
7104,Data Analyst (Engineer) at Revolut,2023-03-23,Revolut,http://www.revolut.com/
3057,Data Analyst en Audit - (H/F) - Stage,2023-05-08,BNP Paribas,https://www.bnpparibas.com/
87408,Data Analyst Confirmé F/H,2023-01-30,RATP Dev,http://www.ratpdev.com/
26011,Stage - Data Analyst - (H/F),2023-10-31,THALES,http://www.thalesgroup.com/
31393,Data Analyst (F/H)/nb),2023-01-04,Ubisoft,http://www.ubisoft.com/
26011,Demand Planner et Data Analyst - F/H,2022-12-31,THALES,http://www.thalesgroup.com/
424965,DATA ANALYST H/F,2023-05-25,SYSCO,http://www.sysco.com/
26011,STAGE – Data Analyst – F/H,2023-02-01,THALES,http://www.thalesgroup.com/
20952,Data Analyst- H/F/X,2023-12-12,Société Générale,http://www.societegenerale.com/
28620,Stage Data Analyst Planification - 6 mois (MRF),2023-01-31,RATPgroup,http://www.ratp.fr/
50003,Stagiaire Data Analyst (H/F) - Lyon (69006),2023-12-30,GRDF,http://www.grdf.fr/
32183,Junior Data Analyst Data Marketing,2023-07-06,BlaBlaCar,http://www.blablacar.fr/
5235,"Data Analyst (Project Management skills,data warehousing,data...",2023-04-18,emagine,http://www.emagine-entertainment.com/
20325,"Data Analyst-(H/F)ApprenticeshipLa Defense, France",2023-04-15,Société Générale Assurances,http://www.assurances.societegenerale.com/en/sogecap/
35182,Internship - HR Data Analyst,2023-12-09,CMA CGM,http://www.cma-cgm.com/
31136,Data Analyst (F/H/X) en CDI,2023-08-31,Plug In Digital,https://www.plugindigital.com/
244268,Data analyst (Stage),2023-02-16,Fondation Terre de Liens,http://www.terredeliens.org/
19778,Data analyst,2023-08-24,SAFRAN AIRCRAFT ENGINES,http://www.safran-group.com/
15154,Stage - BAC+5 - Data Analyst (H/F),2023-01-07,Renault,http://www.renault.com/
41022,Data Analyst H/F (CDI),2023-05-08,UBISOFT INTERNATIONAL,http://www.ubisoft.com/
42038,Data Analyst,2023-02-09,Contentsquare,http://contentsquare.com/
272693,Data analyst SAV H/F,2023-07-14,Symbio,http://www.symbio.one/
195548,Data Analyst,2023-01-11,Exxon Mobil,https://www.exxonmobil.com/
276852,Data Analyst Merketing (H/F),2023-09-19,HOMESERVE,http://www.homeserveplc.com/
50011,Data analyst H/F,2023-05-12,Mediapost,http://www.baam.pt/
121722,CDI - Senior scientist F/H,2023-09-09,bioMérieux SA,http://www.biomerieux.com/
105694,Data Analyst / Concepteur de rapports Microsoft PowerBI - H/F,2023-07-14,Groupe Kardham,http://www.kardham.com/en/
3384,Data Analyst Plan Carburant H/F,2023-04-08,Air France,http://www.airfranceklm.com/
19544,Consultant Expérimenté Automatisation/Data Analytics Paris H/F,2023-09-25,Ernst & Young,http://www.ey.com/
3057,Data Analyst H/F,2023-05-25,BNP Paribas,https://www.bnpparibas.com/
7524,Technicien Expert Data Analyst H/F,2023-07-17,The Adecco Group,http://www.adeccogroup.com/
1125,Junior Data Governance Analyst,2023-02-26,AXA,http://www.axa.com/
277699,Stage Data Analyst H/F,2023-11-11,Perenco,http://www.perenco.com/
2209,Data Analyst H/F,2023-07-20,Groupama,http://www.groupama.com/
117249,Business - Data Analyst Connected Solutions H/F,2023-01-26,Manitou,http://www.manitou.com/
308787,Data analyst h/f,2023-05-04,DE GRAËT CONSULTING,http://www.degraet.fr/
6362,Data Analyst - Alternance F/H,2023-07-17,EDF,http://www.edf.com/
309663,Alternance Data Analyst,2023-04-07,Credit Agricole Sud Rhone Alpes,http://www.ca-sudrhonealpes.fr/
46222,Alternance Data Analyst SAS,2023-05-08,Groupama Assurances Mutuelles,http://www.groupama.com/
313333,nsa - alt - data analyst - power bi h/f,2023-03-30,Otis Elevator Company,http://www.otis.com/
1861,Data Analyst H/F en télétravail,2023-10-19,SGS Société Générale de Surveillance SA,http://www.sgs.com/
314400,Business Intelligence Engineer,2023-12-23,CONTAINEX Container-Handelsgesellschaft m.b.H.,http://www.containex.com/
33151,Data Analyst - Gestionnaire incidents-(H/F),2023-04-04,Sogecap,http://www.assurances.societegenerale.com/en/sogecap/
318065,Alternant - Data Analyst SQL H/F,2023-11-19,Youscribe,http://www.youscribe.com/
75822,CTO / Dev / Data Scientist / Data Analyst,2023-02-07,France Digitale,http://www.francedigitale.org/
79542,Data Analyst - Paris,2023-05-10,Voltalia,http://www.voltalia.com/
327342,Data Analyst H/F,2023-11-23,EMISYS CONSEIL,http://emisys.fr/fr
20952,Business Data Analyst - Data Wranglers,2023-12-20,Société Générale,http://www.societegenerale.com/
3677,Alternance - TD SYNNEX - Data Analyst H/F,2023-05-03,TD SYNNEX,https://www.synnex.com/
20952,Data analyst,2023-11-02,Société Générale,http://www.societegenerale.com/
16555,Alternance - DATA Analyst (H/F),2023-02-26,Enedis,http://www.enedis.fr/
852,DATA ANALYST (H/F),2023-12-25,APEC,http://www.apec.fr/
35074,Data analyst h/f (CDI),2023-05-02,Leasecom,http://www.leasecom.fr/
21556,Data Architect F/H,2023-09-10,SAFRAN,http://www.safran-group.com/
359362,Data Analyst (F/H),2023-09-20,Hardis Groupe,http://www.hardis-group.com/
21556,Data Analyst au sein de la Digital Services Factory F/H,2023-01-29,SAFRAN,http://www.safran-group.com/
21556,Data Analyst / Scientist F/H,2023-01-22,SAFRAN,http://www.safran-group.com/
15279,Stagiaire - Data Analyst,2023-01-19,Post Luxembourg,http://www.postgroup.lu/
21556,Stage - DATA ANALYST - Reporting Supply Chain F/H,2023-10-29,SAFRAN,http://www.safran-group.com/
26011,STAGE -  Demand PLANNER et Data Analyst Supply Chain  (Bac + 4/5...,2023-01-13,THALES,http://www.thalesgroup.com/
26011,Demand Planner et Data Analyst - F/H,2023-03-21,THALES,http://www.thalesgroup.com/
20952,Business manager data analyst- H/F/X,2023-12-03,Société Générale,http://www.societegenerale.com/
33151,Data Analyst H/F,2023-09-07,Sogecap,http://www.assurances.societegenerale.com/en/sogecap/
130367,CDI - Global Finance Data Analyst (W/M),2023-09-20,LVMH Group,http://www.lvmh.com/
118505,DATA/SYSTEMS Analyst (Business Intelligence Specialist),2023-04-28,Filinvest Land Inc.,http://filinvestland.com/
21556,STAGE -  Data Analyst et développeur Centre de Compétences données...,2023-01-08,SAFRAN,http://www.safran-group.com/
21556,Data Analyst/Scientist - Performance de Freinage F/H,2023-10-19,SAFRAN,http://www.safran-group.com/
26011,ALTERNANCE - Chef de projet Data Analyst - F/H,2023-04-24,THALES,http://www.thalesgroup.com/
21556,Stage -  Data Analyst Direction Technique F/H,2023-01-12,SAFRAN,http://www.safran-group.com/
26011,ALTERNANCE – Ingénieur Data Analyst des fonctions RH - F/H,2023-07-01,THALES,http://www.thalesgroup.com/
101012,Data analyste informatique (H/F) - 94  93 (IT) / Freelance,2023-07-17,Mindquest,https://mindquest.net.au/
47527,data analyst,2023-01-08,PMU,http://www.pmu.fr/
63292,Consultant expérimenté data analyst | cdi | f/h,2023-04-03,Pwc,http://www.pwc.com/
20325,Data Analyst H/F,2023-01-23,Société Générale Assurances,http://www.assurances.societegenerale.com/en/sogecap/
6362,Apprenti(e) - Ingénieur(e) Data Analyst - F/H,2023-04-21,EDF,http://www.edf.com/
21556,Data Analyst F/H,2023-12-23,SAFRAN,http://www.safran-group.com/
279360,DATA ANALYST,2023-04-03,Groupe OMERIN,http://www.groupe-omerin.com/
21556,HR Data Analyst F/H,2023-11-03,SAFRAN,http://www.safran-group.com/
21556,STAGE – Data Analyst F/H,2023-12-25,SAFRAN,http://www.safran-group.com/
26011,ALTERNANCE - Full Stack et Data Analyst - F/H,2023-05-01,THALES,http://www.thalesgroup.com/
391187,Data Analyst H/F,2023-10-01,Groupe Advitam,http://www.groupe-advitam.com/
21556,Stage - Data Analyst F/H,2023-11-26,SAFRAN,http://www.safran-group.com/
21556,Data Analyst / Pilote de configuration,2023-12-11,SAFRAN,http://www.safran-group.com/
200482,DATA ANALYST (H/F),2023-10-04,EDYCEM,http://www.edycem.fr/
379694,Data Analyst (Enterprise Architecture Team) at SEMrush,2023-02-28,SEMrush,http://www.semrush.com/
22373,Data Analyst,2023-03-21,Homa Games,https://www.homagames.com/
22300,Stagiaire Business / Data Analyst Santé,2023-08-08,Carenity,https://www.carenity.com/
22300,Junior Data Scientist/Data Analyst,2023-06-24,Carenity,https://www.carenity.com/
21556,STAGE – Project & Data Analyst F/H,2023-10-31,SAFRAN,http://www.safran-group.com/
26011,STAGE - Data Analyst F/H,2023-03-07,THALES,http://www.thalesgroup.com/
2948,Data Analyst H/F H/F,2023-01-05,Inetum,http://www.vimeo.com/
20952,Data Analyst -(H/F),2023-07-01,Société Générale,http://www.societegenerale.com/
6723,Data Integrity Analyst H/F,2023-12-07,Adecco,http://www.adeccogroup.com/
92478,DATA ANALYST en Alternance- H/F,2023-05-31,Veolia,http://www.veolia.com/
21556,Stage - Data Analyst F/H,2023-10-25,SAFRAN,http://www.safran-group.com/
3460,BIG DATA,2023-10-18,Orange SA,http://www.orange.com/
21556,Alternant Master Data Analyst F/H,2023-10-19,SAFRAN,http://www.safran-group.com/
44501,Trainee Data Analyst,2023-01-11,Kainos,http://www.kainos.com/
129685,Data Analyst F/H,2023-10-06,Orano Group,http://www.orano.group/
6723,Data Integrity Analyst H/F,2023-08-05,Adecco,http://www.adeccogroup.com/
21556,Stagiaire DATA Analyst F/H F/H,2023-11-22,SAFRAN,http://www.safran-group.com/
21556,STAGE - Data Analyst appliqué à des problématiques mécaniques F/H,2023-01-08,SAFRAN,http://www.safran-group.com/
